34200.323319,1,1,100,1000100,-1
34200.401693,1,2,100,999500,1
34200.426293,1,3,500,999900,1
34200.641858,1,4,100,1000000,-1
34200.993946,1,5,200,999900,1
34201.054029,1,6,500,1000300,-1
34201.193645,1,7,300,1000000,-1
34201.242257,1,8,100,1000100,-1
34201.274711,1,9,100,1000000,-1
34201.709288,1,10,100,1000300,-1
34201.900676,1,11,500,1000000,-1
34202.221816,4,4,100,1000000,-1
34202.458323,1,12,100,999800,1
34202.580557,1,13,200,1000600,-1
34202.622989,3,11,500,1000000,-1
34203.062409,1,14,300,1000600,-1
34203.142416,1,15,500,1000600,-1
34203.348123,1,16,100,999300,1
34203.728456,3,3,500,999900,1
34204.045904,4,9,50,1000000,-1
34204.244440,4,10,100,1000300,-1
34204.730269,3,1,100,1000100,-1
34205.073608,1,17,100,1000600,-1
34205.227423,1,18,500,1000100,1
34205.610784,4,5,100,999900,1
34206.033202,4,7,100,1000000,-1
34206.226420,1,19,300,1000000,1
34206.245964,3,19,300,1000000,1
34206.651283,1,20,100,1000300,1
34207.019918,3,18,500,1000100,1
34207.290944,1,21,200,1000400,-1
34207.559504,4,7,100,1000000,-1
34207.918849,1,22,500,1001200,-1
34208.150077,1,23,100,1000100,1
34208.448349,1,24,100,1000400,1
34208.805191,1,25,200,1000400,1
34208.849911,1,26,500,1000500,-1
34208.924744,3,26,500,1000500,-1
34209.217087,1,27,100,1000900,-1
34209.273307,4,17,100,1000600,-1
34209.484747,3,5,100,999900,1
34209.824696,3,8,100,1000100,-1
34209.864396,4,9,50,1000000,-1
34209.968275,4,7,100,1000000,-1
34210.068184,1,28,500,999900,1
34210.126159,4,21,50,1000400,-1
34210.610968,3,27,100,1000900,-1
34210.736794,1,29,300,1000900,-1
34211.188991,1,30,200,1000300,1
34211.652984,4,22,200,1001200,-1
34212.004314,4,30,100,1000300,1
34212.107364,1,31,200,1000800,1
34212.145375,4,31,100,1000800,1
34212.183246,4,15,50,1000600,-1
34212.484813,4,20,100,1000300,1
34212.553558,3,21,150,1000400,-1
34212.847228,1,32,500,1000200,1
34213.134189,1,33,200,1000800,-1
34213.261146,1,34,200,1001500,-1
34213.726365,3,2,100,999500,1
34213.960924,3,14,300,1000600,-1
34214.006822,1,35,200,1000800,-1
34214.448446,3,30,100,1000300,1
34214.598089,1,36,500,1000700,-1
34214.754785,4,16,100,999300,1
34214.821345,1,37,200,1000400,1
34215.127712,4,24,100,1000400,1
34215.385362,1,38,300,1000500,1
34215.801743,1,39,200,1000600,-1
34215.890918,1,40,100,1000500,-1
34215.937787,3,22,300,1001200,-1
34216.215127,3,40,100,1000500,-1
34216.297693,1,41,100,1000800,-1
34216.748166,1,42,200,1000500,1
34217.140423,3,36,500,1000700,-1
34217.627603,4,29,100,1000900,-1
34218.115944,3,37,200,1000400,1
34218.138089,4,33,200,1000800,-1
34218.541184,3,29,200,1000900,-1
34218.681919,4,12,100,999800,1
34219.119281,3,23,100,1000100,1
34219.227071,3,31,100,1000800,1
34219.386615,4,25,100,1000400,1
34219.408211,1,43,100,1000700,-1
34219.891986,1,44,100,1000800,-1
34219.958504,3,15,450,1000600,-1
34220.252993,3,6,500,1000300,-1
34220.316110,1,45,500,1001000,-1
34220.808385,1,46,100,1000300,1
34221.165690,1,47,300,1000200,1
34221.209977,4,35,100,1000800,-1
34221.545037,1,48,300,1000800,-1
34221.714867,4,34,100,1001500,-1
34221.930886,3,35,100,1000800,-1
34222.242488,1,49,200,1000500,1
34222.355477,4,44,100,1000800,-1
34222.581953,4,42,200,1000500,1
34222.980883,3,47,300,1000200,1
34223.074032,1,50,100,1000700,-1
34223.413702,1,51,100,1000600,1
34223.446346,3,45,500,1001000,-1
34223.872718,1,52,300,1000800,-1
34224.124963,1,53,300,1000700,1
34224.242195,3,52,300,1000800,-1
34224.276802,1,54,100,999900,1
34224.679496,4,48,200,1000800,-1
34224.989695,4,51,100,1000600,1
34225.439327,4,41,100,1000800,-1
34225.576331,1,55,100,1001600,-1
34225.720884,1,56,200,1000900,-1
34225.895449,3,28,500,999900,1
34225.973253,1,57,100,1000700,1
34226.186538,1,58,100,1001300,-1
34226.297887,1,59,300,1000300,1
34226.310776,1,60,500,1001300,-1
34226.687059,4,46,100,1000300,1
34226.804575,1,61,200,1000200,1
34227.142323,4,39,200,1000600,-1
34227.602899,3,61,200,1000200,1
34227.626112,1,62,300,1000800,1
34227.702605,1,63,300,1000600,1
34227.873008,1,64,200,1001300,-1
34228.251493,3,50,100,1000700,-1
34228.670599,1,65,100,1000500,1
34228.999169,4,25,50,1000400,1
34229.474479,1,66,100,1000600,1
34229.546328,4,64,100,1001300,-1
34229.784194,1,67,500,1000900,-1
34230.091745,4,34,100,1001500,-1
34230.574459,1,68,500,1000700,1
34230.916359,3,58,100,1001300,-1
34231.387679,1,69,200,1000900,1
34231.814323,4,38,50,1000500,1
34231.994453,1,70,500,1000800,-1
34232.321749,1,71,100,1001600,-1
34232.544176,1,72,300,1000900,-1
34232.640483,4,68,100,1000700,1
34232.952280,3,72,300,1000900,-1
34233.199194,1,73,100,1001000,-1
34233.616252,1,74,300,1000800,-1
34233.905478,4,56,50,1000900,-1
34234.157688,1,75,200,1000900,-1
34234.558626,1,76,500,1000800,-1
34235.033177,1,77,500,1001600,-1
34235.414677,4,68,200,1000700,1
34235.644283,1,78,300,1000800,-1
34235.993259,1,79,500,1001500,-1
34236.263410,1,80,300,1001000,-1
34236.406159,1,81,200,1000600,1
34236.474741,4,57,100,1000700,1
34236.590770,1,82,100,1000600,-1
34236.745931,1,83,500,1000600,-1
34236.817956,1,84,100,1000400,1
34237.140512,4,49,50,1000500,1
34237.431804,1,85,100,1000800,-1
34237.914898,1,86,100,1000500,-1
34238.121244,1,87,100,1000400,1
34238.528704,3,48,100,1000800,-1
34239.025724,1,88,500,1000600,-1
34239.222109,3,69,200,1000900,1
34239.653591,3,70,500,1000800,-1
34239.942219,1,89,100,1000400,1
34240.081896,1,90,500,1000400,1
34240.128677,1,91,200,1001300,-1
34240.154671,1,92,100,1001300,-1
34240.501490,3,90,500,1000400,1
34240.835469,3,80,300,1001000,-1
34240.901710,1,93,100,1000300,1
34240.946701,1,94,300,1000700,-1
34241.017634,4,78,100,1000800,-1
34241.272865,1,95,300,1000600,1
34241.642787,4,25,50,1000400,1
34241.764960,4,92,50,1001300,-1
34242.264750,4,68,50,1000700,1
34242.648674,1,96,100,1000700,-1
34243.147177,1,97,300,1000500,-1
34243.327678,1,98,200,1000400,1
34243.539384,1,99,300,1000500,-1
34243.592533,1,100,500,1000000,1
34244.006748,1,101,100,1001000,-1
34244.108663,1,102,100,1001300,-1
34244.218407,4,71,100,1001600,-1
34244.660021,1,103,100,1000500,1
34244.822289,1,104,100,1000600,-1
34245.318495,3,85,100,1000800,-1
34245.792555,4,59,200,1000300,1
34246.259555,1,105,300,1001000,-1
34246.749875,1,106,100,1000000,1
34247.211590,4,56,50,1000900,-1
34247.356951,4,82,100,1000600,-1
34247.824733,4,13,100,1000600,-1
34248.190498,3,96,100,1000700,-1
34248.689960,1,107,500,1000000,1
34248.937287,1,108,200,1001600,-1
34249.373392,3,66,100,1000600,1
34249.663573,1,109,200,1000800,-1
34250.038479,4,81,200,1000600,1
34250.532801,4,103,100,1000500,1
34250.785512,1,110,300,1000600,-1
34250.844371,3,13,100,1000600,-1
34251.208369,1,111,300,1000600,1
34251.601316,1,112,200,1000600,-1
34252.028963,3,84,100,1000400,1
34252.506492,4,94,50,1000700,-1
34252.819047,1,113,100,1000800,-1
34253.041693,1,114,100,999900,1
34253.391753,3,43,100,1000700,-1
34253.560697,1,115,300,1001000,-1
34253.642026,4,101,100,1001000,-1
34253.735318,1,116,300,1000900,-1
34254.192604,1,117,300,1001000,-1
34254.327715,1,118,500,1001000,-1
34254.415123,1,119,300,1001000,-1
34254.763376,1,120,300,1000900,-1
34255.191511,1,121,500,1001100,-1
34255.346488,4,38,200,1000500,1
34255.490983,4,110,50,1000600,-1
34255.947186,4,120,100,1000900,-1
34256.337299,1,122,100,1001000,-1
34256.651535,4,113,100,1000800,-1
34256.969377,3,108,200,1001600,-1
34256.998694,4,49,100,1000500,1
34257.367550,1,123,300,1001200,-1
34257.463614,1,124,100,1001100,-1
34257.599529,3,94,250,1000700,-1
34258.083548,1,125,300,1000900,-1
34258.565365,1,126,500,1000400,1
34258.754595,4,32,100,1000200,1
34259.027515,1,127,200,1001300,-1
34259.090605,1,128,500,1000500,1
34259.209075,1,129,300,1001000,-1
34259.276246,1,130,300,1000600,1
34259.343145,1,131,300,1000300,1
34259.534941,3,114,100,999900,1
34260.008468,1,132,100,1000300,1
34260.426978,4,131,100,1000300,1
34260.453009,1,133,100,1001500,-1
34260.882179,1,134,100,1001000,-1
34261.087268,1,135,100,999900,1
34261.422024,4,49,50,1000500,1
34261.817554,1,136,100,1000500,1
34262.234165,4,92,50,1001300,-1
34262.405159,1,137,100,1000500,1
34262.899047,4,86,50,1000500,-1
34263.232965,1,138,100,1000500,1
34263.531503,1,139,100,1000800,-1
34263.904945,4,62,200,1000800,1
34264.134600,1,140,500,999900,1
34264.253159,4,139,100,1000800,-1
34264.487600,3,60,500,1001300,-1
34264.986908,3,128,500,1000500,1
34265.333096,1,141,100,1000800,-1
34265.500930,1,142,500,1000600,1
34265.821138,4,115,200,1001000,-1
34266.318505,4,133,100,1001500,-1
34266.377103,4,95,200,1000600,1
34266.608365,1,143,300,1001700,-1
34266.822200,1,144,200,1001200,-1
34267.015607,1,145,100,1000900,-1
34267.433176,1,146,100,1000600,1
34267.715797,4,116,50,1000900,-1
34267.927093,3,129,300,1001000,-1
34268.362459,4,107,100,1000000,1
34268.544765,4,95,100,1000600,1
34268.876566,1,147,500,1000500,1
34269.066671,4,98,200,1000400,1
34269.490797,3,54,100,999900,1
34269.799204,4,109,50,1000800,-1
34269.897608,4,116,100,1000900,-1
34270.079610,1,148,100,1000400,1
34270.159128,4,55,50,1001600,-1
34270.534723,1,149,200,1001800,-1
34270.621854,1,150,100,1001000,-1
34270.708088,4,62,50,1000800,1
34270.851418,4,143,200,1001700,-1
34271.064368,1,151,300,1000700,1
34271.128704,4,143,100,1001700,-1
34271.160959,1,152,100,1001100,1
34271.318654,1,153,200,1000900,1
34271.489434,1,154,100,1001200,-1
34271.685736,4,146,100,1000600,1
34271.731053,3,59,100,1000300,1
34271.954800,1,155,500,1000700,1
34272.175150,1,156,100,1001200,-1
34272.383616,3,88,500,1000600,-1
34272.786263,4,125,50,1000900,-1
34273.010252,1,157,500,1001600,-1
34273.058789,3,122,100,1001000,-1
34273.177360,4,67,50,1000900,-1
34273.447356,1,158,100,1001500,-1
34273.573128,1,159,500,1001100,1
34273.658034,4,67,100,1000900,-1
34274.134167,4,144,200,1001200,-1
34274.477922,3,120,200,1000900,-1
34274.911403,4,86,50,1000500,-1
34274.954864,1,160,500,1001700,-1
34274.992388,4,119,200,1001000,-1
34275.223826,1,161,100,1001600,-1
34275.535180,4,148,50,1000400,1
34275.765549,3,99,300,1000500,-1
34275.933098,1,162,300,1001500,1
34275.993813,3,126,500,1000400,1
34276.485182,1,163,100,1001500,1
34276.841917,3,158,100,1001500,-1
34277.108064,1,164,300,1001700,-1
34277.318361,1,165,100,1001200,1
34277.489909,4,136,100,1000500,1
34277.623387,3,87,100,1000400,1
34277.796734,4,83,100,1000600,-1
34277.958748,4,140,100,999900,1
34278.260318,3,123,300,1001200,-1
34278.544190,4,130,100,1000600,1
34278.882547,3,162,300,1001500,1
34278.938339,4,160,100,1001700,-1
34278.957272,1,166,300,1001100,1
34279.061354,3,89,100,1000400,1
34279.109165,3,74,300,1000800,-1
34279.367933,4,165,50,1001200,1
34279.702279,3,79,500,1001500,-1
34280.004929,1,167,300,1001200,1
34280.036339,1,168,500,1000500,1
34280.185953,4,154,100,1001200,-1
34280.457619,1,169,200,1001500,-1
34280.799989,4,153,200,1000900,1
34281.187014,4,165,50,1001200,1
34281.670485,3,91,200,1001300,-1
34282.108256,1,170,500,1001500,-1
34282.576060,4,169,50,1001500,-1
34282.725741,4,121,200,1001100,-1
34283.179341,1,171,100,1001400,-1
34283.589526,3,55,50,1001600,-1
34283.802825,1,172,300,1001500,-1
34284.300143,1,173,100,1001100,1
34284.721339,4,100,100,1000000,1
34284.750108,3,163,100,1001500,1
34285.101183,1,174,500,1002100,-1
34285.113756,1,175,100,1001400,-1
34285.392670,4,172,200,1001500,-1
34285.457152,1,176,100,1001400,-1
34285.583987,4,160,50,1001700,-1
34285.648307,3,173,100,1001100,1
34285.666361,4,117,100,1001000,-1
34285.819084,1,177,500,1001700,-1
34286.033202,4,73,100,1001000,-1
34286.076365,4,170,50,1001500,-1
34286.277687,1,178,200,1002100,-1
34286.653872,1,179,100,1001500,1
34287.023013,4,138,100,1000500,1
34287.054738,4,107,200,1000000,1
34287.545339,1,180,100,1001500,1
34287.906201,3,62,50,1000800,1
34288.059988,1,181,200,1001600,1
34288.527340,4,178,200,1002100,-1
34288.661464,4,111,100,1000600,1
34288.846381,4,141,100,1000800,-1
34288.917374,1,182,300,1002500,-1
34289.093502,1,183,500,1002000,-1
34289.234195,1,184,300,1001700,-1
34289.539397,3,180,100,1001500,1
34289.693343,1,185,200,1001900,-1
34289.921841,4,107,200,1000000,1
34290.104099,1,186,200,1002100,-1
34290.427439,4,67,50,1000900,-1
34290.766319,1,187,100,1001700,1
34291.192167,4,166,50,1001100,1
34291.264020,1,188,300,1001900,-1
34291.739259,1,189,200,1000800,1
34291.931546,4,186,100,1002100,-1
34292.200981,1,190,100,1001800,-1
34292.223678,1,191,200,1001700,-1
34292.613411,4,117,100,1001000,-1
34292.963462,3,115,100,1001000,-1
34293.033554,3,168,500,1000500,1
34293.128156,4,77,100,1001600,-1
34293.465397,4,185,100,1001900,-1
34293.912150,3,110,250,1000600,-1
34294.311061,4,97,100,1000500,-1
34294.709173,1,192,200,1002100,-1
34294.990643,1,193,100,1002100,1
34295.152196,3,175,100,1001400,-1
34295.419787,4,190,50,1001800,-1
34295.491197,1,194,300,1001400,1
34295.834450,1,195,300,1002100,1
34296.090854,3,97,200,1000500,-1
34296.354724,1,196,100,1001900,1
34296.534275,3,137,100,1000500,1
34296.958782,1,197,200,1002300,-1
34297.269852,1,198,100,1002100,1
34297.602631,4,196,100,1001900,1
34298.025471,4,56,50,1000900,-1
34298.057747,4,192,100,1002100,-1
34298.386801,4,167,50,1001200,1
34298.640840,4,142,100,1000600,1
34298.887483,3,164,300,1001700,-1
34299.043225,1,199,300,1002000,1
34299.256880,1,200,200,1002200,-1
34299.689008,1,201,100,1002600,-1
34300.071733,4,83,100,1000600,-1
34300.200185,1,202,100,1002300,-1
34300.257623,1,203,100,1002700,-1
34300.739339,3,149,200,1001800,-1
34301.206877,4,117,100,1001000,-1
34301.461027,4,185,100,1001900,-1
34301.714739,1,204,100,1003200,-1
34301.830159,1,205,300,1002200,1
34302.132944,3,182,300,1002500,-1
34302.282960,1,206,100,1001900,1
34302.725364,4,169,100,1001500,-1
34302.757532,1,207,500,1002200,1
34302.908947,1,208,500,1002700,-1
34303.252343,1,209,200,1002000,1
34303.651842,1,210,100,1002600,-1
34303.957049,1,211,100,1002500,1
34304.034197,1,212,100,1003300,-1
34304.341264,4,151,100,1000700,1
34304.430891,3,147,500,1000500,1
34304.731816,4,190,50,1001800,-1
34305.089098,1,213,200,1002200,1
34305.429263,3,201,100,1002600,-1
34305.590025,3,208,500,1002700,-1
34305.613082,1,214,500,1002500,1
34305.858502,4,207,200,1002200,1
34305.940912,4,63,50,1000600,1
34306.044397,1,215,300,1002400,-1
34306.392742,1,216,100,1002300,-1
34306.656897,4,213,200,1002200,1
34306.924380,1,217,500,1001400,1
34307.102121,1,218,100,1003000,-1
34307.581216,1,219,200,1002300,-1
34307.969091,4,218,100,1003000,-1
34308.134441,1,220,100,1002500,-1
34308.425445,4,169,50,1001500,-1
34308.903203,3,145,100,1000900,-1
34308.933816,3,76,500,1000800,-1
34309.113534,1,221,100,1003200,-1
34309.222547,4,202,100,1002300,-1
34309.299811,4,207,100,1002200,1
34309.428616,4,197,100,1002300,-1
34309.751208,1,222,300,1002800,-1
34309.810475,4,32,100,1000200,1
34310.019860,3,188,300,1001900,-1
34310.263810,1,223,200,1002700,-1
34310.590300,3,78,200,1000800,-1
34310.919926,1,224,300,1002300,1
34311.362226,1,225,300,1001900,1
34311.463519,4,151,50,1000700,1
34311.478060,4,100,100,1000000,1
34311.627495,3,203,100,1002700,-1
34311.894411,3,106,100,1000000,1
34312.321430,1,226,200,1002200,1
34312.411053,1,227,100,1002300,-1
34312.781995,4,209,100,1002000,1
34312.877988,3,177,500,1001700,-1
34313.293213,4,83,200,1000600,-1
34313.631148,1,228,200,1001400,1
34314.099703,1,229,300,1002300,-1
34314.479043,3,155,500,1000700,1
34314.774449,4,142,100,1000600,1
34315.123906,1,230,200,1001300,1
34315.212167,4,157,50,1001600,-1
34315.535136,3,172,100,1001500,-1
34315.846302,1,231,100,1001400,1
34316.079242,3,174,500,1002100,-1
34316.293006,4,197,100,1002300,-1
34316.676317,4,220,50,1002500,-1
34316.943816,4,171,50,1001400,-1
34317.403265,1,232,100,1002400,1
34317.574043,4,102,100,1001300,-1
34317.935333,1,233,300,1002600,-1
34318.009986,1,234,200,1001800,1
34318.374393,1,235,500,1002500,1
34318.420177,1,236,100,1002600,1
34318.913385,1,237,100,1003100,-1
34319.300181,4,227,100,1002300,-1
34319.493667,3,194,300,1001400,1
34319.929781,3,181,200,1001600,1
34319.979103,3,215,300,1002400,-1
34320.054268,3,105,300,1001000,-1
34320.151720,4,214,100,1002500,1
34320.518371,1,238,200,1002600,1
34320.755243,4,193,100,1002100,1
34321.168689,1,239,200,1002600,-1
34321.271045,3,104,100,1000600,-1
34321.296831,4,230,50,1001300,1
34321.424758,1,240,500,1001600,1
34321.764049,3,148,50,1000400,1
34322.136914,1,241,100,1002300,1
34322.215581,3,140,400,999900,1
34322.625316,4,170,100,1001500,-1
34322.751399,3,238,200,1002600,1
34323.016812,1,242,500,1002500,-1
34323.491587,3,125,250,1000900,-1
34323.808324,1,243,200,1002500,-1
34324.279701,4,221,100,1003200,-1
34324.630892,1,244,100,1003100,-1
34325.010556,1,245,100,1002400,1
34325.415386,3,226,200,1002200,1
34325.627598,1,246,100,1002100,1
34325.762546,1,247,200,1001800,1
34325.817853,4,131,50,1000300,1
